Id: 74, ClientID: 52, FirstName: Alina, LastName: Popescu, CNP: 2983943984230, Address:str. 8Mai, Phone:0735482950
Id: 76, ClientID: 52, FirstName: Alina, LastName: Popescu, CNP: 2983943984230, Address:str. 8Mai, Phone:0735482950
Id: 78, ClientID: 52, FirstName: Alina, LastName: Popescu, CNP: 2983943984230, Address:str. 8Mai, Phone:0735482950
Id: 81, ClientID: 52, FirstName: Alina, LastName: Popescu, CNP: 2983943984230, Address:str. 8Mai, Phone:0735482950
Id: 84, ClientID: 52, FirstName: Alina, LastName: Popescu, CNP: 2983943984230, Address:str. 8Mai, Phone:0735482950
